[
    {
      "id": 1,
      "description": "Perfect grades with total weight exactly 100%",
      "assignments": [
        {"grade": "100", "weight": "60"},
        {"grade": "100", "weight": "40"}
      ],
      "gradeGoal": "100",
      "expectedAverage": 100,
      "expectedRequiredGrade": "N/A"
    },
    {
      "id": 2,
      "description": "Mixed grades, total weight under 100",
      "assignments": [
        {"grade": "80", "weight": "50"},
        {"grade": "90", "weight": "20"}
      ],
      "gradeGoal": "85",
      "expectedAverage": 83,
      "expectedRequiredGrade": 90
    },
    {
      "id": 3,
      "description": "Low grades, total weight under 100, needing high required grade",
      "assignments": [
        {"grade": "50", "weight": "40"},
        {"grade": "60", "weight": "30"}
      ],
      "gradeGoal": "90",
      "expectedAverage": 54,
      "expectedRequiredGrade": 175
    },
    {
      "id": 4,
      "description": "High grades, weight over 100, no required grade possible",
      "assignments": [
        {"grade": "95", "weight": "70"},
        {"grade": "90", "weight": "40"}
      ],
      "gradeGoal": "85",
      "expectedAverage": 93,
      "expectedRequiredGrade": "N/A"
    },
    {
      "id": 5,
      "description": "No assignments",
      "assignments": [],
      "gradeGoal": "85",
      "expectedAverage": 0,
      "expectedRequiredGrade": "N/A"
    },
    {
      "id": 6,
      "description": "Equal weights, exact target",
      "assignments": [
        {"grade": "80", "weight": "50"},
        {"grade": "90", "weight": "50"}
      ],
      "gradeGoal": "85",
      "expectedAverage": 85,
      "expectedRequiredGrade": "N/A"
    },
    {
      "id": 7,
      "description": "Grades varied, with some weights zero",
      "assignments": [
        {"grade": "100", "weight": "0"},
        {"grade": "70", "weight": "50"},
        {"grade": "80", "weight": "50"}
      ],
      "gradeGoal": "75",
      "expectedAverage": 75,
      "expectedRequiredGrade": "N/A"
    },
    {
      "id": 8,
      "description": "Incomplete data, some grades missing",
      "assignments": [
        {"grade": "", "weight": "30"},
        {"grade": "85", "weight": "70"}
      ],
      "gradeGoal": "85",
      "expectedAverage": 85,
      "expectedRequiredGrade": 85
    }
  ]
  